{
    "menuItem": [
        {
            "menuName": "Lab 2",
            "menuDesc": "Resume",
            "menuURL": "../Lab2/ITWS_Han_Zhen_Qin_lab2.html"
        },
        {
            "menuName": "Lab 3",
            "menuDesc": "Website",
            "menuURL": "../Lab3/HanZhen_Qin_DATA.html"
        }
        {
            "menuName": "Lab 4",
            "menuDesc": "Website",
            "menuURL": "../Lab4/HanZhen_Qin_lab4.html"
        }
        {
            "menuName": "Lab 5",
            "menuDesc": "Website",
            "menuURL": "../Lab5/lab5.html"
        }
        {
            "menuName": "Lab 6",
            "menuDesc": "Website",
            "menuURL": "../Lab6/lab6.html" 
        }
        {
            "menuName": "Lab 8",
            "menuDesc": "Website",
            "menuURL": "../Lab8/lab8.html" 
        }
        {
            "menuName": "Lab 9",
            "menuDesc": "Website",
            "menuURL": "../Lab9/HanZhen_Qin_homepage.html" 
        }

    ]
}